{
    "params": {
        "dropout": 0.31096846185725785,
        "optim": "adamw"
    },
    "iteration": 8,
    "loss": [
        6.764525413513184,
        6.260101318359375,
        6.22355318069458,
        6.187222480773926,
        6.120550155639648,
        6.0110039710998535,
        5.853338718414307,
        5.669295787811279,
        5.4204630851745605,
        5.1728291511535645,
        4.894221305847168,
        4.637058734893799,
        4.409756660461426,
        4.169286727905273,
        3.9870657920837402,
        3.78450083732605,
        3.6276142597198486,
        3.4586026668548584,
        3.3525049686431885,
        3.2278478145599365,
        3.1015312671661377,
        2.9854178428649902,
        2.8747003078460693,
        2.789222240447998,
        2.7067103385925293,
        2.6047940254211426,
        2.5453531742095947,
        2.4564549922943115,
        2.415220022201538,
        2.3327879905700684,
        2.2954273223876953,
        2.2350869178771973,
        2.182457208633423,
        2.129647731781006,
        2.0921359062194824,
        2.0325403213500977,
        1.974565863609314,
        1.95867919921875,
        1.9098668098449707,
        1.8600565195083618,
        1.832419753074646,
        1.8026964664459229,
        1.7493185997009277,
        1.73677396774292,
        1.6825708150863647,
        1.6831467151641846,
        1.6333885192871094,
        1.6056437492370605,
        1.5947538614273071,
        1.5692049264907837,
        1.5329993963241577,
        1.5001274347305298,
        1.4792340993881226,
        1.4596302509307861,
        1.420753836631775,
        1.4167020320892334,
        1.412709355354309,
        1.3642479181289673,
        1.3646340370178223,
        1.3457547426223755,
        1.3266416788101196,
        1.3146220445632935,
        1.288725733757019,
        1.2711567878723145,
        1.2491782903671265,
        1.238563060760498,
        1.2362234592437744,
        1.223912239074707,
        1.2008575201034546,
        1.1804096698760986,
        1.1592706441879272,
        1.167668342590332,
        1.1391499042510986,
        1.1082959175109863,
        1.108652949333191,
        1.0844483375549316,
        1.0853664875030518,
        1.075808048248291,
        1.0722748041152954,
        1.026019811630249,
        1.0484083890914917,
        1.01829993724823,
        1.016284465789795,
        0.9928432106971741,
        1.0122184753417969,
        0.9944891929626465,
        0.9959834814071655,
        0.9847384095191956,
        1.0072740316390991,
        0.9916508197784424,
        0.9892585277557373,
        0.9749030470848083,
        0.9891278743743896,
        0.9761586785316467
    ],
    "val_loss": [
        6.246081829071045,
        6.2135210037231445,
        6.17452335357666,
        6.107283592224121,
        5.992373943328857,
        5.808990478515625,
        5.545048236846924,
        5.229305744171143,
        4.866899490356445,
        4.466047286987305,
        4.058361053466797,
        3.714367628097534,
        3.381991386413574,
        3.114506244659424,
        2.8619112968444824,
        2.6081831455230713,
        2.434464693069458,
        2.2400667667388916,
        2.082139253616333,
        1.9492918252944946,
        1.8137766122817993,
        1.7305301427841187,
        1.6152708530426025,
        1.5315845012664795,
        1.4688396453857422,
        1.384088397026062,
        1.323728084564209,
        1.2586705684661865,
        1.2085456848144531,
        1.1534631252288818,
        1.1422317028045654,
        1.0913748741149902,
        1.0352445840835571,
        1.0080420970916748,
        0.9756286144256592,
        0.9439228177070618,
        0.9133363366127014,
        0.8943862318992615,
        0.879192054271698,
        0.8445972800254822,
        0.8256056308746338,
        0.805812656879425,
        0.783237099647522,
        0.7706272006034851,
        0.7476209998130798,
        0.7359651923179626,
        0.7180821299552917,
        0.7138863205909729,
        0.706150472164154,
        0.6881051659584045,
        0.6752371191978455,
        0.6621977686882019,
        0.6581000089645386,
        0.6448081135749817,
        0.6282027363777161,
        0.6172381639480591,
        0.6170251965522766,
        0.6029759049415588,
        0.604431688785553,
        0.5878753066062927,
        0.5849806666374207,
        0.5798730254173279,
        0.5659051537513733,
        0.5624057650566101,
        0.556931734085083,
        0.5442913174629211,
        0.5386518836021423,
        0.5380577445030212,
        0.5350375175476074,
        0.5232423543930054,
        0.5244213938713074,
        0.518976628780365,
        0.5103707909584045,
        0.5041693449020386,
        0.5023331046104431,
        0.49311402440071106,
        0.49204221367836,
        0.4887901246547699,
        0.4790079891681671,
        0.4846695065498352,
        0.48132947087287903,
        0.4742991030216217,
        0.47499775886535645,
        0.47100529074668884,
        0.46916523575782776,
        0.46843650937080383,
        0.4665782153606415,
        0.466087281703949,
        0.4645928144454956,
        0.464042603969574,
        0.46506839990615845,
        0.464188814163208,
        0.46417251229286194,
        0.46407756209373474
    ],